[{"suitName":"Testing_Book_Flight_Component","failTest":["BookFlightComponent : Missing FormControl Property","BookFlightComponent: passengerNameError Message being populated","BookFlightComponent: noOfTicketsError Message being populated","BookFlightComponent: customerIdError Message being populated","BookFlightComponent: Success Message being populated","BookFlightComponent: Error Message being populated","BookFlightComponent : book method implemented according to given requirement","BookFlightComponent: Missing/Incorrect ids"],"totalNoOfTestCases":10,"noOfTestCasesPassed":2,"noOfTestCasesFailed":8},{"suitName":"Testing AppComponent","failTest":["TAC 2 - Cheking for proper positioning of routerOutlet","TAC 1 - Checking presence of routerOutletTag"],"totalNoOfTestCases":2,"noOfTestCasesPassed":0,"noOfTestCasesFailed":2},{"suitName":"Testing MessagePipe","failTest":["TCFP 3 - Valid return for valid flightId","TCFP 4 - Valid return for no matching flightId","TCFP 2 - Valid return for null Value","TCCP 4 - Valid return for no matching customerId","TCCP 3 - Valid return for valid customerId","TCCP 2 - Valid return for null Value"],"totalNoOfTestCases":8,"noOfTestCasesPassed":2,"noOfTestCasesFailed":6},{"suitName":"Testing_View_Details_Component","failTest":["ViewDetailsComponent : Filter using customer Id Property"],"totalNoOfTestCases":2,"noOfTestCasesPassed":1,"noOfTestCasesFailed":1},{"suitName":"BookingsComponent : Testing delete Method","failTest":["TBC 4 - Bookings : Should populate error message into errorMessage property","TBC 3 - Bookings : Should populate success message into successMessage property"],"totalNoOfTestCases":6,"noOfTestCasesPassed":4,"noOfTestCasesFailed":2}]